,true_positives,false_positives,true_negatives,false_negatives,accuracy,balanced_accuracy,sensitivity,specificity,precision,recall,f1,trp_density,prediction_density,window_coverage,window_size_used,real_time_factor
0,815.0,25570.0,18823.0,476.0,0.429866036249015,0.5276509302352484,0.6312935708752905,0.4240082895952065,0.030888762554481714,0.6312935708752905,0.058895794189911845,0.0024516242010331844,0.5775545048594694,0.02825934681726644,25,0.020791892671480742
1,675.0,25662.0,18906.0,441.0,0.42861833464670346,0.514522208904407,0.6048387096774194,0.42420570813139474,0.025629342749743707,0.6048387096774194,0.04917495355698831,0.002210839681288854,0.5765038087733123,0.02442868400315209,25,0.020490322645174856
2,466.0,26042.0,18905.0,249.0,0.4242258332968333,0.5361773719194682,0.6517482517482518,0.42060649209068457,0.01757959861173985,0.6517482517482518,0.03423575652940528,0.0010950024090052998,0.5805264771582498,0.015658534448775786,25,0.020235166507946323
3,473.0,25810.0,19033.0,346.0,0.42718233980114756,0.5009849722067905,0.5775335775335775,0.4244363668800036,0.017996423543735495,0.5775335775335775,0.03490517304995941,0.0014016030835267838,0.5755989663177259,0.01793613945950681,25,0.020093917064124174
