,true_positives,false_positives,true_negatives,false_negatives,accuracy,balanced_accuracy,sensitivity,specificity,precision,recall,f1,trp_density,prediction_density,window_coverage,window_size_used,real_time_factor
0,348.0,12920.0,31473.0,943.0,0.6965458366167586,0.4892608033070161,0.26955848179705655,0.7089631248169757,0.02622851974675912,0.26955848179705655,0.04780548114568309,0.0024516242010331844,0.29042990981525263,0.02825934681726644,25,0.02247633793161004
1,276.0,12783.0,31785.0,840.0,0.701799317047544,0.4802458439731096,0.24731182795698925,0.71317985998923,0.021134849529060418,0.24731182795698925,0.038941798941798944,0.002210839681288854,0.2858550039401103,0.02442868400315209,25,0.020816562473121827
2,177.0,12801.0,32146.0,538.0,0.7078752573255661,0.4813751736505202,0.24755244755244754,0.7151978997485928,0.013638465094775775,0.24755244755244754,0.02585262542905134,0.0010950024090052998,0.2842188252814156,0.015658534448775786,25,0.02075694478575458
3,222.0,12820.0,32023.0,597.0,0.7061670535675179,0.4925879782936625,0.27106227106227104,0.714113685525054,0.017021929151970556,0.27106227106227104,0.032032320900367936,0.0014016030835267838,0.2856204283649424,0.01793613945950681,25,0.020396528932667406
