,true_positives,false_positives,true_negatives,false_negatives,accuracy,balanced_accuracy,sensitivity,specificity,precision,recall,f1,trp_density,prediction_density,window_coverage,window_size_used,real_time_factor
0,150.0,7564.0,36829.0,1141.0,0.8094518868750548,0.4729008887818634,0.11618900077459333,0.8296127767891335,0.01944516463572725,0.11618900077459333,0.03331482509716824,0.0024516242010331844,0.16885561684616057,0.02825934681726644,25,0.021074371212681745
1,150.0,7419.0,37149.0,966.0,0.8164565274494352,0.48397193704726665,0.13440860215053763,0.8335352719439957,0.019817677368212445,0.13440860215053763,0.03454231433506045,0.002210839681288854,0.1656816390858944,0.02442868400315209,25,0.020255559382866457
2,129.0,7236.0,37711.0,586.0,0.8286978231352109,0.5097149852172435,0.18041958041958042,0.8390103900149064,0.017515274949083504,0.18041958041958042,0.03193069306930693,0.0010950024090052998,0.16129385484648065,0.015658534448775786,25,0.02020786966745389
3,145.0,7145.0,37698.0,674.0,0.8287635232797512,0.5088557508890671,0.17704517704517705,0.8406663247329572,0.019890260631001373,0.17704517704517705,0.0357627327660624,0.0014016030835267838,0.15965135123297272,0.01793613945950681,25,0.020529929083859633
