,true_positives,false_positives,true_negatives,false_negatives,accuracy,balanced_accuracy,sensitivity,specificity,precision,recall,f1,trp_density,prediction_density,window_coverage,window_size_used,real_time_factor
0,124.0,6004.0,38389.0,1167.0,0.8430303826284914,0.4804015130472469,0.09604957397366383,0.8647534521208299,0.020234986945169713,0.09604957397366383,0.03342768567192344,0.0024516242010331844,0.1341388669993871,0.02825934681726644,25,0.02083899207918597
1,88.0,5802.0,38766.0,1028.0,0.8504947027405656,0.47433497779399075,0.07885304659498207,0.8698169089929995,0.014940577249575551,0.07885304659498207,0.025121324578932343,0.002210839681288854,0.12892916557219158,0.02442868400315209,25,0.02021868275865684
2,116.0,5908.0,39039.0,599.0,0.8574963864920503,0.5153970309397813,0.16223776223776223,0.8685562996418004,0.019256308100929615,0.16223776223776223,0.03442647277044072,0.0010950024090052998,0.13192589023695853,0.015658534448775786,25,0.020562195151848657
3,102.0,5765.0,39078.0,717.0,0.8580438876965529,0.49799124156325947,0.12454212454212454,0.8714403585843944,0.017385375830918696,0.12454212454212454,0.030511516601854617,0.0014016030835267838,0.12848758267268187,0.01793613945950681,25,0.020444693659275315
