accuracy,balanced_accuracy,precision,recall,f1
0.7518186665962858,0.5057650158242215,0.06524296442380105,0.22444991329001932,0.09707309456904638
