,rtf_whisper,rtf_llm,rtf_combined,avg_asr_time,avg_llm_time,total_audio_duration,total_processing_time
0,0.4403729643269632,0.049652029019673895,0.49002499334663707,0.4402229382481638,0.04963511358702547,915.6879375,448.7099754810333
1,0.4313198093829857,0.05009357865025667,0.48141338803324235,0.4311728675292569,0.050076512790663275,915.6879375,440.8244323730469
2,0.4463729850541968,0.04930040217582558,0.49567338723002236,0.44601189075078507,0.04926052051860693,915.259,453.66952872276306
3,0.4487113548122321,0.04985932433088207,0.49857067914311415,0.44834836888000956,0.04981899053248776,915.259,456.32130122184753
