,mean,std
accuracy,0.48973991755127544,0.21747003084245184
balanced_accuracy,0.507760521691015,0.01385770839574694
precision,0.06153531219939673,0.014796381807641642
recall,0.5342971219501848,0.2653892495333811
f1,0.10990584709526509,0.02885087976943888
