accuracy,balanced_accuracy,precision,recall,f1
0.4961660493503099,0.511895547326307,0.06240770789837842,0.5290719273491227,0.11089732003267558
