,true_positives,false_positives,true_negatives,false_negatives,accuracy,balanced_accuracy,sensitivity,specificity,precision,recall,f1,trp_density,prediction_density,window_coverage,window_size_used,real_time_factor
0,29.0,2604.0,41789.0,1262.0,0.9153751860607653,0.4819026551506025,0.022463206816421378,0.9413421034847836,0.011014052411697683,0.022463206816421378,0.014780835881753314,0.0024516242010331844,0.05763505822607477,0.02825934681726644,25,0.020158917429149804
1,24.0,2609.0,41959.0,1092.0,0.9189869538569302,0.48148280843770447,0.021505376344086023,0.9414602405313229,0.009115077857956703,0.021505376344086023,0.012803414243798347,0.002210839681288854,0.05763505822607477,0.02442868400315209,25,0.020322959323941486
2,77.0,2490.0,42457.0,638.0,0.9314966492926284,0.5261468635709409,0.1076923076923077,0.944601419449574,0.02999610440202571,0.1076923076923077,0.04692260816575259,0.0010950024090052998,0.056217423678332094,0.015658534448775786,25,0.02019328622379762
3,73.0,2306.0,42537.0,746.0,0.9331610529543165,0.5188546162834234,0.08913308913308914,0.9485761434337577,0.030685161832702815,0.08913308913308914,0.045653533458411506,0.0014016030835267838,0.052100214620472166,0.01793613945950681,25,0.020362285607753227
