,true_positives,false_positives,true_negatives,false_negatives,accuracy,balanced_accuracy,sensitivity,specificity,precision,recall,f1,trp_density,prediction_density,window_coverage,window_size_used,real_time_factor
0,125.0,3077.0,41316.0,1166.0,0.9071228438840732,0.5137557189138915,0.09682416731216112,0.9306872705156218,0.039038101186758274,0.09682416731216112,0.05564210994880926,0.0024516242010331844,0.07009018474739515,0.02825934681726644,25,0.019429627863009596
1,47.0,2693.0,41875.0,1069.0,0.917651694247439,0.4908450877528214,0.042114695340501794,0.9395754801651409,0.017153284671532848,0.042114695340501794,0.02437759336099585,0.002210839681288854,0.05997723491813326,0.02442868400315209,25,0.019388655864957645
2,124.0,3602.0,41345.0,591.0,0.9081730979808156,0.5466438716244042,0.17342657342657342,0.9198611698222351,0.03327965646806227,0.17342657342657342,0.05584327854086917,0.0010950024090052998,0.08159957951907494,0.015658534448775786,25,0.019382352380314334
3,95.0,2999.0,41844.0,724.0,0.9184661206254654,0.5245586712147825,0.115995115995116,0.9331222264344491,0.03070458952811894,0.115995115995116,0.048556095067722974,0.0014016030835267838,0.06775874906924795,0.01793613945950681,25,0.019404613215239876
