,true_positives,false_positives,true_negatives,false_negatives,accuracy,balanced_accuracy,sensitivity,specificity,precision,recall,f1,trp_density,prediction_density,window_coverage,window_size_used
0,561,14739,29654,730,0.6613912967340864,0.5512675296171197,0.4345468628969791,0.6679881963372604,0.03666666666666667,0.4345468628969791,0.06762702670122356,0.0024516242010331844,0.33490937746256894,0.02825934681726644,25
1,410,16090,28478,706,0.6323439278522021,0.5031810759636598,0.3673835125448029,0.6389786393825166,0.02484848484848485,0.3673835125448029,0.04654859218891917,0.002210839681288854,0.3611767796164959,0.02442868400315209,25
2,350,15862,29085,365,0.64462791818142,0.5683029787530645,0.48951048951048953,0.6470954679956393,0.02158894645941278,0.48951048951048953,0.041354049743014126,0.0010950024090052998,0.3550435810958784,0.015658534448775786,25
3,512,17150,27693,307,0.6176908589198896,0.6213536022313312,0.6251526251526252,0.6175545793100372,0.028988789491563808,0.6251526251526252,0.05540825712894324,0.0014016030835267838,0.3867986509570321,0.01793613945950681,25
