,rtf_whisper,rtf_llm,rtf_combined,avg_asr_time,avg_llm_time,total_audio_duration,total_processing_time
0,0.4343790709313297,0.04481751038172293,0.47919658131305265,0.43423108684964573,0.0448022419708785,915.6879375,438.7945291996002
1,0.43868168417352776,0.04461742412492667,0.48329910829845446,0.4385322342793494,0.0446022238793852,915.6879375,442.5511636734009
2,0.4569881927568791,0.04578796746257465,0.5027761602194537,0.45661851126033665,0.045750927196319444,915.259,460.170405626297
3,0.4853295999668838,0.04685488278275128,0.532184482749635,0.48493699163328613,0.04681697943325126,915.259,487.08663749694824
