,true_positives,false_positives,true_negatives,false_negatives,accuracy,balanced_accuracy,sensitivity,specificity,precision,recall,f1,trp_density,prediction_density,window_coverage,window_size_used,real_time_factor
0,23.0,1760.0,42633.0,1268.0,0.9337185885649243,0.48908487833381314,0.017815646785437646,0.9603541098821886,0.012899607403252944,0.017815646785437646,0.014964216005204945,0.0024516242010331844,0.0390289817003765,0.02825934681726644,25,0.019762562714207354
1,12.0,1743.0,42825.0,1104.0,0.9376805883898083,0.4858219552868831,0.010752688172043012,0.9608912224017232,0.006837606837606838,0.010752688172043012,0.008359456635318705,0.002210839681288854,0.0384160756501182,0.02442868400315209,25,0.019908389586066784
2,36.0,1710.0,43237.0,679.0,0.9476807848977268,0.5061524210099199,0.05034965034965035,0.9619551916701893,0.020618556701030927,0.05034965034965035,0.029256399837464444,0.0010950024090052998,0.03823748412246507,0.015658534448775786,25,0.020247463585250487
3,57.0,1543.0,43300.0,762.0,0.9495203889448557,0.517594065873619,0.0695970695970696,0.9655910621501683,0.035625,0.0695970695970696,0.04712691194708558,0.0014016030835267838,0.03504007708816959,0.01793613945950681,25,0.01996082341384053
