,true_positives,false_positives,true_negatives,false_negatives,accuracy,balanced_accuracy,sensitivity,specificity,precision,recall,f1,trp_density,prediction_density,window_coverage,window_size_used,real_time_factor
0,856,27905,16488,435,0.3796515191314246,0.5172309023604971,0.6630518977536793,0.3714099069673147,0.02976252564236292,0.6630518977536793,0.05696792226806868,0.0024516242010331844,0.6295639611242448,0.02825934681726644,25,0.020707223556234746
1,732,28197,16371,384,0.3743761491988442,0.511620155644727,0.6559139784946236,0.36732633279483035,0.025303328839572748,0.6559139784946236,0.048726909635546684,0.002210839681288854,0.6332413974257945,0.02442868400315209,25,0.020869471833794593
2,500,28485,16462,215,0.3714686172309579,0.5327771434296897,0.6993006993006993,0.3662535875586802,0.017250301880282905,0.6993006993006993,0.03367003367003367,0.0010950024090052998,0.6347728965003723,0.015658534448775786,25,0.02004154323227296
3,518,28356,16487,301,0.37241031930270246,0.5000695684525936,0.6324786324786325,0.36766050442655485,0.017940015238622983,0.6324786324786325,0.03489037820361701,0.0014016030835267838,0.6323419911523805,0.01793613945950681,25,0.02042305599938858
