,true_positives,false_positives,true_negatives,false_negatives,accuracy,balanced_accuracy,sensitivity,specificity,precision,recall,f1,trp_density,prediction_density,window_coverage,window_size_used,real_time_factor
0,744.0,23813.0,20580.0,547.0,0.4667717362752824,0.5199420226666045,0.576297443841983,0.4635866014912261,0.030296860365679846,0.576297443841983,0.05756731662024141,0.0024516242010331844,0.5375404955783206,0.02825934681726644,25,0.021328577066667753
1,634.0,23704.0,20864.0,482.0,0.4705805095876018,0.5181194665925501,0.568100358422939,0.4681385747621612,0.02604979866874846,0.568100358422939,0.0498153531861397,0.002210839681288854,0.532746694685229,0.02442868400315209,25,0.02116797606845914
2,441.0,24110.0,20837.0,274.0,0.4659892251762954,0.5401868338794051,0.6167832167832168,0.4635904509755935,0.01796260844772107,0.6167832167832168,0.03490857278556163,0.0010950024090052998,0.5376680828697823,0.015658534448775786,25,0.020780229203288876
3,448.0,23793.0,21050.0,371.0,0.4708072357759187,0.5082120316828076,0.5470085470085471,0.469415516357068,0.018481085763788624,0.5470085470085471,0.03575418994413408,0.0014016030835267838,0.5308790679339495,0.01793613945950681,25,0.02085620986554503
