,true_positives,false_positives,true_negatives,false_negatives,accuracy,balanced_accuracy,sensitivity,specificity,precision,recall,f1,trp_density,prediction_density,window_coverage,window_size_used
0,798,33836,10557,493,0.24855529288153402,0.42796662330295654,0.6181254841208366,0.23780776248507648,0.023040942426517295,0.6181254841208366,0.044425887265135695,0.0024516242010331844,0.7581210051659224,0.02825934681726644,25
1,735,34399,10169,381,0.23868312757201646,0.4433851714813464,0.6586021505376344,0.22816819242505834,0.0209199066431377,0.6586021505376344,0.04055172413793104,0.002210839681288854,0.769065756063392,0.02442868400315209,25
2,634,36078,8869,81,0.2081161578555473,0.5420172881160267,0.8867132867132868,0.19732128951876654,0.017269557637829593,0.8867132867132868,0.0338792850081492,0.0010950024090052998,0.8039945687880513,0.015658534448775786,25
3,676,35536,9307,143,0.21862818098199815,0.5164715768488932,0.8253968253968254,0.20754632830096112,0.018667844913288413,0.8253968253968254,0.03650995112203289,0.0014016030835267838,0.7930445446979983,0.01793613945950681,25
