,rtf_whisperx,rtf_llm,rtf_combined,avg_asr_time,avg_llm_time,total_audio_duration,total_processing_time
0,7.020769994195811,0.09332304623830502,7.114093040434116,7.018378161186734,0.09329125298162735,915.6879375,6514.28918337822
1,7.942468421354082,0.09636042594788531,8.038828847301968,7.939762584507205,0.09632759791794823,915.6879375,7361.05860710144
2,10.187242585684443,0.1047564835992953,10.291999069283737,10.179001595776153,0.10467174063603431,915.259,9419.844776153564
3,8.398681865009518,0.09636935134789683,8.495051216357414,8.391887734810858,0.09629139317175187,915.259,7775.172081232071
