,true_positives,false_positives,true_negatives,false_negatives,accuracy,balanced_accuracy,sensitivity,specificity,precision,recall,f1,trp_density,prediction_density,window_coverage,window_size_used,real_time_factor
0,8.0,362.0,44031.0,1283.0,0.9639917695473251,0.49902115397255514,0.006196746707978312,0.991845561237132,0.021621621621621623,0.006196746707978312,0.00963275135460566,0.0024516242010331844,0.008099115664127484,0.02825934681726644,25,0.020519733428955078
1,3.0,308.0,44260.0,1113.0,0.9688950179493915,0.49788869201683833,0.002688172043010753,0.9930892119906659,0.00964630225080386,0.002688172043010753,0.004204625087596356,0.002210839681288854,0.006807635058226074,0.02442868400315209,25,0.02075631091579045
2,10.0,407.0,44540.0,705.0,0.9756471464237221,0.5024654523175003,0.013986013986013986,0.9909448906489866,0.023980815347721823,0.013986013986013986,0.0176678445229682,0.0010950024090052998,0.0091323200911042,0.015658534448775786,25,0.02354341393226607
3,1.0,316.0,44527.0,818.0,0.9751653453637598,0.4970870967347563,0.001221001221001221,0.9929531922485114,0.0031545741324921135,0.001221001221001221,0.00176056338028169,0.0014016030835267838,0.006942315273093601,0.01793613945950681,25,0.021274270583555528
