,true_positives,false_positives,true_negatives,false_negatives,accuracy,balanced_accuracy,sensitivity,specificity,precision,recall,f1,trp_density,prediction_density,window_coverage,window_size_used,real_time_factor
0,97.0,2057.0,42336.0,1194.0,0.9288372296646529,0.5143997098795225,0.07513555383423702,0.953663865924808,0.04503249767873723,0.07513555383423702,0.05631349782293179,0.0024516242010331844,0.047149986866298926,0.02825934681726644,25,0.021583196892519228
1,29.0,1787.0,42781.0,1087.0,0.9370895718413449,0.49294481502712784,0.025985663082437275,0.9599039669718183,0.015969162995594713,0.025985663082437275,0.019781718963165076,0.002210839681288854,0.03975133525960949,0.02442868400315209,25,0.02099765677420785
2,70.0,2377.0,42570.0,645.0,0.9338180543997197,0.5225087947405344,0.0979020979020979,0.9471154915789708,0.028606456885982835,0.0979020979020979,0.04427577482605946,0.0010950024090052998,0.05358941789671937,0.015658534448775786,25,0.020911851388359486
3,41.0,1868.0,42975.0,778.0,0.9420524725154396,0.5042023021194798,0.050061050061050064,0.9583435541779096,0.021477213200628602,0.050061050061050064,0.030058651026392966,0.0014016030835267838,0.04180719197582235,0.01793613945950681,25,0.021211397726113218
