,true_positives,false_positives,true_negatives,false_negatives,accuracy,balanced_accuracy,sensitivity,specificity,precision,recall,f1,trp_density,prediction_density,window_coverage,window_size_used,real_time_factor
0,14.0,1267.0,43126.0,1277.0,0.9443131074336748,0.491151885534462,0.010844306738962044,0.9714594643299619,0.01092896174863388,0.010844306738962044,0.01088646967340591,0.0024516242010331844,0.028040451799317048,0.02825934681726644,25,0.02064979989366928
1,4.0,1243.0,43325.0,1112.0,0.9484502232729183,0.4878471317479343,0.0035842293906810036,0.9721100341051876,0.0032076984763432237,0.0035842293906810036,0.003385526872619551,0.002210839681288854,0.027296208738289116,0.02442868400315209,25,0.020229490371971214
2,14.0,1269.0,43678.0,701.0,0.9568569050851912,0.49567358354151686,0.019580419580419582,0.9717667475026142,0.010911925175370226,0.019580419580419582,0.014014014014014014,0.0010950024090052998,0.02809776181507599,0.015658534448775786,25,0.02063016896696529
3,40.0,1110.0,43733.0,779.0,0.9586308089877797,0.5120435108058594,0.04884004884004884,0.97524697277167,0.034782608695652174,0.04884004884004884,0.04062976130015236,0.0014016030835267838,0.025185055407121897,0.01793613945950681,25,0.020435610537455955
