,true_positives,false_positives,true_negatives,false_negatives,accuracy,balanced_accuracy,sensitivity,specificity,precision,recall,f1,trp_density,prediction_density,window_coverage,window_size_used,real_time_factor
0,7.0,483.0,43910.0,1284.0,0.9613212503283425,0.49727102983050675,0.005422153369481022,0.9891199062915325,0.014285714285714285,0.005422153369481022,0.007860752386299831,0.0024516242010331844,0.010725855879520182,0.02825934681726644,25,0.021001555987468695
1,0.0,432.0,44136.0,1116.0,0.9661150512214342,0.49515347334410337,0.0,0.9903069466882067,0.0,0.0,0.0,0.002210839681288854,0.009456264775413711,0.02442868400315209,25,0.020494015002928887
2,4.0,357.0,44590.0,711.0,0.9766107485436468,0.49882585876979274,0.005594405594405594,0.9920573119451799,0.0110803324099723,0.005594405594405594,0.007434944237918214,0.0010950024090052998,0.007905917393018264,0.015658534448775786,25,0.0202443130167621
3,14.0,317.0,44526.0,805.0,0.9754281459419211,0.5050124546589992,0.017094017094017096,0.9929308922239815,0.04229607250755287,0.017094017094017096,0.024347826086956525,0.0014016030835267838,0.007248915947615084,0.01793613945950681,25,0.02002383087083078
