,true_positives,false_positives,true_negatives,false_negatives,accuracy,balanced_accuracy,sensitivity,specificity,precision,recall,f1,trp_density,prediction_density,window_coverage,window_size_used,real_time_factor
0,211.0,9035.0,35358.0,1080.0,0.7785876893441905,0.4799580582300931,0.16343919442292795,0.7964769220372582,0.02282067921263249,0.16343919442292795,0.04004934990984151,0.0024516242010331844,0.20239033359600736,0.02825934681726644,25,0.02048278715730496
1,190.0,9001.0,35567.0,926.0,0.7827029156816391,0.48414492388579106,0.17025089605734767,0.7980389517142344,0.020672396910020673,0.17025089605734767,0.03686814786067721,0.002210839681288854,0.2011864109972857,0.02442868400315209,25,0.020354090947291
2,140.0,8598.0,36349.0,575.0,0.7991108580438877,0.5022561148553985,0.1958041958041958,0.8087080339066011,0.01602197299153124,0.1958041958041958,0.029620226383158782,0.0010950024090052998,0.1913626209977662,0.015658534448775786,25,0.01989156594683357
3,166.0,8613.0,36230.0,653.0,0.7970741535631378,0.5053080457045401,0.2026862026862027,0.8079298887228776,0.018908759539810912,0.2026862026862027,0.03459053969576995,0.0014016030835267838,0.19226052297315055,0.01793613945950681,25,0.02053669505881011
