,true_positives,false_positives,true_negatives,false_negatives,accuracy,balanced_accuracy,sensitivity,specificity,precision,recall,f1,trp_density,prediction_density,window_coverage,window_size_used,real_time_factor
0,639.0,19795.0,24598.0,652.0,0.5524253567988793,0.5245307549220213,0.4949651432997676,0.554096366544275,0.03127141039444064,0.4949651432997676,0.05882623705408516,0.0024516242010331844,0.44729007967778656,0.02825934681726644,25,0.021824728999148314
1,543.0,19420.0,25148.0,573.0,0.5623631906137816,0.5254102466111951,0.48655913978494625,0.5642613534374439,0.02720032059309723,0.48655913978494625,0.05152047061056028,0.002210839681288854,0.4369801243323702,0.02442868400315209,25,0.021278586116348367
2,357.0,20137.0,24810.0,358.0,0.5511585125487276,0.525642073235906,0.4993006993006993,0.5519834471711127,0.01741973260466478,0.4993006993006993,0.033664953557452026,0.0010950024090052998,0.4488195874030923,0.015658534448775786,25,0.02150667678866397
3,355.0,19645.0,25198.0,464.0,0.5596119311462485,0.4976857257815267,0.43345543345543347,0.5619160181076199,0.01775,0.43345543345543347,0.03410346318266967,0.0014016030835267838,0.43800096360211993,0.01793613945950681,25,0.021493993128937235
