,true_positives,false_positives,true_negatives,false_negatives,accuracy,balanced_accuracy,sensitivity,specificity,precision,recall,f1,trp_density,prediction_density,window_coverage,window_size_used,real_time_factor
0,10.0,962.0,43431.0,1281.0,0.9509018474739515,0.49303792513188005,0.0077459333849728895,0.9783299168787872,0.0102880658436214,0.0077459333849728895,0.008837825894829874,0.0024516242010331844,0.02127659574468085,0.02825934681726644,25,0.02052775905742687
1,2.0,934.0,43634.0,1114.0,0.9551703003239647,0.49041768721663453,0.0017921146953405018,0.9790432597379286,0.002136752136752137,0.0017921146953405018,0.0019493177387914231,0.002210839681288854,0.02048857368006304,0.02442868400315209,25,0.019984859867221157
2,11.0,899.0,44048.0,704.0,0.9648942227672901,0.49769164023952994,0.015384615384615385,0.9799986650944446,0.012087912087912088,0.015384615384615385,0.01353846153846154,0.0010950024090052998,0.019929043843896457,0.015658534448775786,25,0.020683071806342126
3,31.0,806.0,44037.0,788.0,0.9650913232009111,0.5099386090399181,0.03785103785103785,0.9820261802287983,0.037037037037037035,0.03785103785103785,0.03743961352657004,0.0014016030835267838,0.01833034032674872,0.01793613945950681,25,0.020078587584213825
