,true_positives,false_positives,true_negatives,false_negatives,accuracy,balanced_accuracy,sensitivity,specificity,precision,recall,f1,trp_density,prediction_density,window_coverage,window_size_used,real_time_factor
0,280.0,10807.0,33586.0,1011.0,0.7413098677874091,0.48672342690576037,0.2168861347792409,0.7565607190322798,0.02525480292234148,0.2168861347792409,0.04524155760219745,0.0024516242010331844,0.24268890640049032,0.02825934681726644,25,0.020482589692464283
1,219.0,10701.0,33867.0,897.0,0.7461255581822958,0.4780657755311203,0.19623655913978494,0.7598949919224556,0.020054945054945057,0.19623655913978494,0.03639082751744766,0.002210839681288854,0.2390333596007355,0.02442868400315209,25,0.020611658398901608
2,163.0,10465.0,34482.0,552.0,0.7587271691997722,0.49757112533938574,0.22797202797202798,0.7671702227067435,0.015336846066992848,0.22797202797202798,0.028740192189015253,0.0010950024090052998,0.23275371205816653,0.015658534448775786,25,0.020613894942552828
3,195.0,10530.0,34313.0,624.0,0.7557268625990977,0.501637989897027,0.23809523809523808,0.7651807416988159,0.01818181818181818,0.23809523809523808,0.03378378378378378,0.0014016030835267838,0.2348780167316368,0.01793613945950681,25,0.02034744887696314
