,true_positives,false_positives,true_negatives,false_negatives,accuracy,balanced_accuracy,sensitivity,specificity,precision,recall,f1,trp_density,prediction_density,window_coverage,window_size_used,real_time_factor
0,481.0,14618.0,29775.0,810.0,0.6622887663076789,0.5216466235500279,0.37257939581719596,0.6707138512828599,0.03185641433207497,0.37257939581719596,0.05869432580841977,0.0024516242010331844,0.33050958760178617,0.02825934681726644,25,0.022133225685136322
1,392.0,14102.0,30466.0,724.0,0.6754662463882322,0.5174195575011147,0.35125448028673834,0.6835846347154909,0.027045674072029804,0.35125448028673834,0.05022421524663677,0.002210839681288854,0.317266439015848,0.02442868400315209,25,0.021593869645433823
2,251.0,15307.0,29640.0,464.0,0.6546143401515483,0.505246147716168,0.35104895104895106,0.6594433443833849,0.016133179071860137,0.35104895104895106,0.030848644994776627,0.0010950024090052998,0.3407209495860891,0.015658534448775786,25,0.021489282144759363
3,255.0,14623.0,30220.0,564.0,0.6674039682887303,0.4926310263263634,0.31135531135531136,0.6739067412974155,0.017139400457050678,0.31135531135531136,0.03249028476779002,0.0014016030835267838,0.32582891682361703,0.01793613945950681,25,0.021546250360017272
